<?xml version="1.0" encoding="UTF-8"?>
<GenRun Id="synth_1" LaunchPart="xc7a35tcpg236-1" LaunchTime="1727129235">
  <File Type="PA-TCL" Name="microblaze_system_wrapper.tcl"/>
  <File Type="RDS-PROPCONSTRS" Name="microblaze_system_wrapper_drc_synth.rpt"/>
  <File Type="REPORTS-TCL" Name="microblaze_system_wrapper_reports.tcl"/>
  <File Type="RDS-RDS" Name="microblaze_system_wrapper.vds"/>
  <File Type="RDS-UTIL" Name="microblaze_system_wrapper_utilization_synth.rpt"/>
  <File Type="RDS-UTIL-PB" Name="microblaze_system_wrapper_utilization_synth.pb"/>
  <File Type="RDS-DCP" Name="microblaze_system_wrapper.dcp"/>
  <File Type="VDS-TIMINGSUMMARY" Name="microblaze_system_wrapper_timing_summary_synth.rpt"/>
  <File Type="VDS-TIMING-PB" Name="microblaze_system_wrapper_timing_summary_synth.pb"/>
  <FileSet Name="sources" Type="DesignSrcs" RelSrcDir="$PSRCDIR/sources_1">
    <Filter Type="Srcs"/>
    <File Path="$PSRCDIR/sources_1/bd/microblaze_system/microblaze_system.bd">
      <FileInfo>
        <Attr Name="UsedIn" Val="synthesis"/>
        <Attr Name="UsedIn" Val="implementation"/>
        <Attr Name="UsedIn" Val="simulation"/>
      </FileInfo>
    </File>
    <File Path="$PSRCDIR/sources_1/imports/hdl/microblaze_system_wrapper.v">
      <FileInfo>
        <Attr Name="ImportPath" Val="$PSRCDIR/sources_1/bd/microblaze_system/hdl/microblaze_system_wrapper.v"/>
        <Attr Name="ImportTime" Val="1727129179"/>
        <Attr Name="UsedIn" Val="synthesis"/>
        <Attr Name="UsedIn" Val="implementation"/>
        <Attr Name="UsedIn" Val="simulation"/>
      </FileInfo>
    </File>
    <Config>
      <Option Name="DesignMode" Val="RTL"/>
      <Option Name="TopModule" Val="microblaze_system_wrapper"/>
      <Option Name="TopAutoSet" Val="TRUE"/>
    </Config>
  </FileSet>
  <FileSet Name="constrs_in" Type="Constrs" RelSrcDir="$PSRCDIR/constrs_1">
    <Filter Type="Constrs"/>
    <File Path="$PSRCDIR/constrs_1/imports/getting_started/Basys-3-Master.xdc">
      <FileInfo>
        <Attr Name="ImportPath" Val="$PPRDIR/../Basys-3-Master.xdc"/>
        <Attr Name="ImportTime" Val="1726405353"/>
        <Attr Name="UsedIn" Val="synthesis"/>
        <Attr Name="UsedIn" Val="implementation"/>
      </FileInfo>
    </File>
    <Config>
      <Option Name="ConstrsType" Val="XDC"/>
    </Config>
  </FileSet>
  <Strategy Version="1" Minor="2">
    <StratHandle Name="Vivado Synthesis Defaults" Flow="Vivado Synthesis 2018"/>
    <Step Id="synth_design"/>
  </Strategy>
  <BlockFileSet Type="BlockSrcs" Name="microblaze_system_clk_wiz_1_0"/>
  <BlockFileSet Type="BlockSrcs" Name="microblaze_system_microblaze_0_0"/>
  <BlockFileSet Type="BlockSrcs" Name="microblaze_system_lmb_bram_0"/>
  <BlockFileSet Type="BlockSrcs" Name="microblaze_system_rst_clk_wiz_1_100M_0"/>
  <BlockFileSet Type="BlockSrcs" Name="microblaze_system_mdm_1_0"/>
  <BlockFileSet Type="BlockSrcs" Name="microblaze_system_ilmb_bram_if_cntlr_0"/>
  <BlockFileSet Type="BlockSrcs" Name="microblaze_system_dlmb_bram_if_cntlr_0"/>
  <BlockFileSet Type="BlockSrcs" Name="microblaze_system_ilmb_v10_0"/>
  <BlockFileSet Type="BlockSrcs" Name="microblaze_system_dlmb_v10_0"/>
  <BlockFileSet Type="BlockSrcs" Name="microblaze_system_xbar_0"/>
  <BlockFileSet Type="BlockSrcs" Name="microblaze_system_multi_io_0_0"/>
</GenRun>
