<?xml version="1.0" encoding="UTF-8"?>
<GenRun Id="impl_1" LaunchPart="xc7a35tcpg236-1" LaunchTime="1726482171">
  <File Type="BITSTR-BMM" Name="main_alu_bd.bmm"/>
  <File Type="OPT-METHODOLOGY-DRC" Name="main_alu_methodology_drc_opted.rpt"/>
  <File Type="INIT-TIMING" Name="main_alu_timing_summary_init.rpt"/>
  <File Type="ROUTE-PWR" Name="main_alu_power_routed.rpt"/>
  <File Type="PA-TCL" Name="main_alu.tcl"/>
  <File Type="OPT-TIMING" Name="main_alu_timing_summary_opted.rpt"/>
  <File Type="OPT-DCP" Name="main_alu_opt.dcp"/>
  <File Type="ROUTE-PWR-SUM" Name="main_alu_power_summary_routed.pb"/>
  <File Type="REPORTS-TCL" Name="main_alu_reports.tcl"/>
  <File Type="OPT-DRC" Name="main_alu_drc_opted.rpt"/>
  <File Type="OPT-HWDEF" Name="main_alu.hwdef"/>
  <File Type="PWROPT-DCP" Name="main_alu_pwropt.dcp"/>
  <File Type="PWROPT-DRC" Name="main_alu_drc_pwropted.rpt"/>
  <File Type="PWROPT-TIMING" Name="main_alu_timing_summary_pwropted.rpt"/>
  <File Type="PLACE-DCP" Name="main_alu_placed.dcp"/>
  <File Type="PLACE-IO" Name="main_alu_io_placed.rpt"/>
  <File Type="PLACE-CLK" Name="main_alu_clock_utilization_placed.rpt"/>
  <File Type="PLACE-UTIL" Name="main_alu_utilization_placed.rpt"/>
  <File Type="PLACE-UTIL-PB" Name="main_alu_utilization_placed.pb"/>
  <File Type="PLACE-CTRL" Name="main_alu_control_sets_placed.rpt"/>
  <File Type="PLACE-SIMILARITY" Name="main_alu_incremental_reuse_placed.rpt"/>
  <File Type="PLACE-PRE-SIMILARITY" Name="main_alu_incremental_reuse_pre_placed.rpt"/>
  <File Type="BG-BGN" Name="main_alu.bgn"/>
  <File Type="PLACE-TIMING" Name="main_alu_timing_summary_placed.rpt"/>
  <File Type="POSTPLACE-PWROPT-DCP" Name="main_alu_postplace_pwropt.dcp"/>
  <File Type="BG-BIN" Name="main_alu.bin"/>
  <File Type="POSTPLACE-PWROPT-TIMING" Name="main_alu_timing_summary_postplace_pwropted.rpt"/>
  <File Type="PHYSOPT-DCP" Name="main_alu_physopt.dcp"/>
  <File Type="PHYSOPT-DRC" Name="main_alu_drc_physopted.rpt"/>
  <File Type="BITSTR-MSK" Name="main_alu.msk"/>
  <File Type="PHYSOPT-TIMING" Name="main_alu_timing_summary_physopted.rpt"/>
  <File Type="ROUTE-ERROR-DCP" Name="main_alu_routed_error.dcp"/>
  <File Type="ROUTE-DCP" Name="main_alu_routed.dcp"/>
  <File Type="ROUTE-BLACKBOX-DCP" Name="main_alu_routed_bb.dcp"/>
  <File Type="ROUTE-DRC" Name="main_alu_drc_routed.rpt"/>
  <File Type="ROUTE-DRC-PB" Name="main_alu_drc_routed.pb"/>
  <File Type="BITSTR-LTX" Name="debug_nets.ltx"/>
  <File Type="BITSTR-LTX" Name="main_alu.ltx"/>
  <File Type="ROUTE-DRC-RPX" Name="main_alu_drc_routed.rpx"/>
  <File Type="BITSTR-MMI" Name="main_alu.mmi"/>
  <File Type="ROUTE-METHODOLOGY-DRC" Name="main_alu_methodology_drc_routed.rpt"/>
  <File Type="ROUTE-METHODOLOGY-DRC-RPX" Name="main_alu_methodology_drc_routed.rpx"/>
  <File Type="BITSTR-SYSDEF" Name="main_alu.sysdef"/>
  <File Type="ROUTE-METHODOLOGY-DRC-PB" Name="main_alu_methodology_drc_routed.pb"/>
  <File Type="ROUTE-PWR-RPX" Name="main_alu_power_routed.rpx"/>
  <File Type="ROUTE-STATUS" Name="main_alu_route_status.rpt"/>
  <File Type="ROUTE-STATUS-PB" Name="main_alu_route_status.pb"/>
  <File Type="ROUTE-TIMINGSUMMARY" Name="main_alu_timing_summary_routed.rpt"/>
  <File Type="ROUTE-TIMING-PB" Name="main_alu_timing_summary_routed.pb"/>
  <File Type="ROUTE-TIMING-RPX" Name="main_alu_timing_summary_routed.rpx"/>
  <File Type="ROUTE-SIMILARITY" Name="main_alu_incremental_reuse_routed.rpt"/>
  <File Type="ROUTE-CLK" Name="main_alu_clock_utilization_routed.rpt"/>
  <File Type="ROUTE-BUS-SKEW" Name="main_alu_bus_skew_routed.rpt"/>
  <File Type="ROUTE-BUS-SKEW-PB" Name="main_alu_bus_skew_routed.pb"/>
  <File Type="ROUTE-BUS-SKEW-RPX" Name="main_alu_bus_skew_routed.rpx"/>
  <File Type="POSTROUTE-PHYSOPT-DCP" Name="main_alu_postroute_physopt.dcp"/>
  <File Type="POSTROUTE-PHYSOPT-BLACKBOX-DCP" Name="main_alu_postroute_physopt_bb.dcp"/>
  <File Type="POSTROUTE-PHYSOPT-TIMING" Name="main_alu_timing_summary_postroute_physopted.rpt"/>
  <File Type="POSTROUTE-PHYSOPT-TIMING-PB" Name="main_alu_timing_summary_postroute_physopted.pb"/>
  <File Type="POSTROUTE-PHYSOPT-TIMING-RPX" Name="main_alu_timing_summary_postroute_physopted.rpx"/>
  <File Type="POSTROUTE-PHYSOPT-BUS-SKEW" Name="main_alu_bus_skew_postroute_physopted.rpt"/>
  <File Type="POSTROUTE-PHYSOPT-BUS-SKEW-PB" Name="main_alu_bus_skew_postroute_physopted.pb"/>
  <File Type="BG-BIT" Name="main_alu.bit"/>
  <File Type="POSTROUTE-PHYSOPT-BUS-SKEW-RPX" Name="main_alu_bus_skew_postroute_physopted.rpx"/>
  <File Type="BITSTR-RBT" Name="main_alu.rbt"/>
  <File Type="BITSTR-NKY" Name="main_alu.nky"/>
  <File Type="BG-DRC" Name="main_alu.drc"/>
  <File Type="RDI-RDI" Name="main_alu.vdi"/>
  <File Type="WBT-USG" Name="usage_statistics_webtalk.html"/>
  <FileSet Name="sources" Type="DesignSrcs" RelSrcDir="$PSRCDIR/sources_1">
    <Filter Type="Srcs"/>
    <File Path="$PSRCDIR/sources_1/new/main_alu.v">
      <FileInfo>
        <Attr Name="UsedIn" Val="synthesis"/>
        <Attr Name="UsedIn" Val="implementation"/>
        <Attr Name="UsedIn" Val="simulation"/>
      </FileInfo>
    </File>
    <Config>
      <Option Name="DesignMode" Val="RTL"/>
      <Option Name="TopModule" Val="main_alu"/>
      <Option Name="TopAutoSet" Val="TRUE"/>
    </Config>
  </FileSet>
  <FileSet Name="constrs_in" Type="Constrs" RelSrcDir="$PSRCDIR/constrs_1">
    <Filter Type="Constrs"/>
    <File Path="$PSRCDIR/constrs_1/imports/getting_started/Basys-3-Master.xdc">
      <FileInfo>
        <Attr Name="ImportPath" Val="$PPRDIR/../Basys-3-Master.xdc"/>
        <Attr Name="ImportTime" Val="1726405353"/>
        <Attr Name="UsedIn" Val="synthesis"/>
        <Attr Name="UsedIn" Val="implementation"/>
      </FileInfo>
    </File>
    <Config>
      <Option Name="ConstrsType" Val="XDC"/>
    </Config>
  </FileSet>
  <Strategy Version="1" Minor="2">
    <StratHandle Name="Vivado Implementation Defaults" Flow="Vivado Implementation 2018">
      <Desc>Default settings for Implementation.</Desc>
    </StratHandle>
    <Step Id="init_design"/>
    <Step Id="opt_design"/>
    <Step Id="power_opt_design"/>
    <Step Id="place_design"/>
    <Step Id="post_place_power_opt_design"/>
    <Step Id="phys_opt_design"/>
    <Step Id="route_design"/>
    <Step Id="post_route_phys_opt_design"/>
    <Step Id="write_bitstream"/>
  </Strategy>
</GenRun>
