<?xml version="1.0" encoding="UTF-8"?>
<GenRun Id="impl_1" LaunchPart="xc7a35tcpg236-1" LaunchTime="1727129235">
  <File Type="BITSTR-BMM" Name="microblaze_system_wrapper_bd.bmm"/>
  <File Type="OPT-METHODOLOGY-DRC" Name="microblaze_system_wrapper_methodology_drc_opted.rpt"/>
  <File Type="INIT-TIMING" Name="microblaze_system_wrapper_timing_summary_init.rpt"/>
  <File Type="ROUTE-PWR" Name="microblaze_system_wrapper_power_routed.rpt"/>
  <File Type="PA-TCL" Name="microblaze_system_wrapper.tcl"/>
  <File Type="OPT-TIMING" Name="microblaze_system_wrapper_timing_summary_opted.rpt"/>
  <File Type="OPT-DCP" Name="microblaze_system_wrapper_opt.dcp"/>
  <File Type="ROUTE-PWR-SUM" Name="microblaze_system_wrapper_power_summary_routed.pb"/>
  <File Type="REPORTS-TCL" Name="microblaze_system_wrapper_reports.tcl"/>
  <File Type="OPT-DRC" Name="microblaze_system_wrapper_drc_opted.rpt"/>
  <File Type="OPT-HWDEF" Name="microblaze_system_wrapper.hwdef"/>
  <File Type="PWROPT-DCP" Name="microblaze_system_wrapper_pwropt.dcp"/>
  <File Type="PWROPT-DRC" Name="microblaze_system_wrapper_drc_pwropted.rpt"/>
  <File Type="PWROPT-TIMING" Name="microblaze_system_wrapper_timing_summary_pwropted.rpt"/>
  <File Type="PLACE-DCP" Name="microblaze_system_wrapper_placed.dcp"/>
  <File Type="PLACE-IO" Name="microblaze_system_wrapper_io_placed.rpt"/>
  <File Type="PLACE-CLK" Name="microblaze_system_wrapper_clock_utilization_placed.rpt"/>
  <File Type="PLACE-UTIL" Name="microblaze_system_wrapper_utilization_placed.rpt"/>
  <File Type="PLACE-UTIL-PB" Name="microblaze_system_wrapper_utilization_placed.pb"/>
  <File Type="PLACE-CTRL" Name="microblaze_system_wrapper_control_sets_placed.rpt"/>
  <File Type="PLACE-SIMILARITY" Name="microblaze_system_wrapper_incremental_reuse_placed.rpt"/>
  <File Type="PLACE-PRE-SIMILARITY" Name="microblaze_system_wrapper_incremental_reuse_pre_placed.rpt"/>
  <File Type="BG-BGN" Name="microblaze_system_wrapper.bgn"/>
  <File Type="PLACE-TIMING" Name="microblaze_system_wrapper_timing_summary_placed.rpt"/>
  <File Type="POSTPLACE-PWROPT-DCP" Name="microblaze_system_wrapper_postplace_pwropt.dcp"/>
  <File Type="BG-BIN" Name="microblaze_system_wrapper.bin"/>
  <File Type="POSTPLACE-PWROPT-TIMING" Name="microblaze_system_wrapper_timing_summary_postplace_pwropted.rpt"/>
  <File Type="PHYSOPT-DCP" Name="microblaze_system_wrapper_physopt.dcp"/>
  <File Type="PHYSOPT-DRC" Name="microblaze_system_wrapper_drc_physopted.rpt"/>
  <File Type="BITSTR-MSK" Name="microblaze_system_wrapper.msk"/>
  <File Type="PHYSOPT-TIMING" Name="microblaze_system_wrapper_timing_summary_physopted.rpt"/>
  <File Type="ROUTE-ERROR-DCP" Name="microblaze_system_wrapper_routed_error.dcp"/>
  <File Type="ROUTE-DCP" Name="microblaze_system_wrapper_routed.dcp"/>
  <File Type="ROUTE-BLACKBOX-DCP" Name="microblaze_system_wrapper_routed_bb.dcp"/>
  <File Type="ROUTE-DRC" Name="microblaze_system_wrapper_drc_routed.rpt"/>
  <File Type="ROUTE-DRC-PB" Name="microblaze_system_wrapper_drc_routed.pb"/>
  <File Type="BITSTR-LTX" Name="debug_nets.ltx"/>
  <File Type="BITSTR-LTX" Name="microblaze_system_wrapper.ltx"/>
  <File Type="ROUTE-DRC-RPX" Name="microblaze_system_wrapper_drc_routed.rpx"/>
  <File Type="BITSTR-MMI" Name="microblaze_system_wrapper.mmi"/>
  <File Type="ROUTE-METHODOLOGY-DRC" Name="microblaze_system_wrapper_methodology_drc_routed.rpt"/>
  <File Type="ROUTE-METHODOLOGY-DRC-RPX" Name="microblaze_system_wrapper_methodology_drc_routed.rpx"/>
  <File Type="BITSTR-SYSDEF" Name="microblaze_system_wrapper.sysdef"/>
  <File Type="ROUTE-METHODOLOGY-DRC-PB" Name="microblaze_system_wrapper_methodology_drc_routed.pb"/>
  <File Type="ROUTE-PWR-RPX" Name="microblaze_system_wrapper_power_routed.rpx"/>
  <File Type="ROUTE-STATUS" Name="microblaze_system_wrapper_route_status.rpt"/>
  <File Type="ROUTE-STATUS-PB" Name="microblaze_system_wrapper_route_status.pb"/>
  <File Type="ROUTE-TIMINGSUMMARY" Name="microblaze_system_wrapper_timing_summary_routed.rpt"/>
  <File Type="ROUTE-TIMING-PB" Name="microblaze_system_wrapper_timing_summary_routed.pb"/>
  <File Type="ROUTE-TIMING-RPX" Name="microblaze_system_wrapper_timing_summary_routed.rpx"/>
  <File Type="ROUTE-SIMILARITY" Name="microblaze_system_wrapper_incremental_reuse_routed.rpt"/>
  <File Type="ROUTE-CLK" Name="microblaze_system_wrapper_clock_utilization_routed.rpt"/>
  <File Type="ROUTE-BUS-SKEW" Name="microblaze_system_wrapper_bus_skew_routed.rpt"/>
  <File Type="ROUTE-BUS-SKEW-PB" Name="microblaze_system_wrapper_bus_skew_routed.pb"/>
  <File Type="ROUTE-BUS-SKEW-RPX" Name="microblaze_system_wrapper_bus_skew_routed.rpx"/>
  <File Type="POSTROUTE-PHYSOPT-DCP" Name="microblaze_system_wrapper_postroute_physopt.dcp"/>
  <File Type="POSTROUTE-PHYSOPT-BLACKBOX-DCP" Name="microblaze_system_wrapper_postroute_physopt_bb.dcp"/>
  <File Type="POSTROUTE-PHYSOPT-TIMING" Name="microblaze_system_wrapper_timing_summary_postroute_physopted.rpt"/>
  <File Type="POSTROUTE-PHYSOPT-TIMING-PB" Name="microblaze_system_wrapper_timing_summary_postroute_physopted.pb"/>
  <File Type="POSTROUTE-PHYSOPT-TIMING-RPX" Name="microblaze_system_wrapper_timing_summary_postroute_physopted.rpx"/>
  <File Type="POSTROUTE-PHYSOPT-BUS-SKEW" Name="microblaze_system_wrapper_bus_skew_postroute_physopted.rpt"/>
  <File Type="POSTROUTE-PHYSOPT-BUS-SKEW-PB" Name="microblaze_system_wrapper_bus_skew_postroute_physopted.pb"/>
  <File Type="BG-BIT" Name="microblaze_system_wrapper.bit"/>
  <File Type="POSTROUTE-PHYSOPT-BUS-SKEW-RPX" Name="microblaze_system_wrapper_bus_skew_postroute_physopted.rpx"/>
  <File Type="BITSTR-RBT" Name="microblaze_system_wrapper.rbt"/>
  <File Type="BITSTR-NKY" Name="microblaze_system_wrapper.nky"/>
  <File Type="BG-DRC" Name="microblaze_system_wrapper.drc"/>
  <File Type="RDI-RDI" Name="microblaze_system_wrapper.vdi"/>
  <File Type="WBT-USG" Name="usage_statistics_webtalk.html"/>
  <FileSet Name="sources" Type="DesignSrcs" RelSrcDir="$PSRCDIR/sources_1">
    <Filter Type="Srcs"/>
    <File Path="$PSRCDIR/sources_1/bd/microblaze_system/microblaze_system.bd">
      <FileInfo>
        <Attr Name="UsedIn" Val="synthesis"/>
        <Attr Name="UsedIn" Val="implementation"/>
        <Attr Name="UsedIn" Val="simulation"/>
      </FileInfo>
    </File>
    <File Path="$PSRCDIR/sources_1/imports/hdl/microblaze_system_wrapper.v">
      <FileInfo>
        <Attr Name="ImportPath" Val="$PSRCDIR/sources_1/bd/microblaze_system/hdl/microblaze_system_wrapper.v"/>
        <Attr Name="ImportTime" Val="1727129179"/>
        <Attr Name="UsedIn" Val="synthesis"/>
        <Attr Name="UsedIn" Val="implementation"/>
        <Attr Name="UsedIn" Val="simulation"/>
      </FileInfo>
    </File>
    <Config>
      <Option Name="DesignMode" Val="RTL"/>
      <Option Name="TopModule" Val="microblaze_system_wrapper"/>
      <Option Name="TopAutoSet" Val="TRUE"/>
    </Config>
  </FileSet>
  <FileSet Name="constrs_in" Type="Constrs" RelSrcDir="$PSRCDIR/constrs_1">
    <Filter Type="Constrs"/>
    <File Path="$PSRCDIR/constrs_1/imports/getting_started/Basys-3-Master.xdc">
      <FileInfo>
        <Attr Name="ImportPath" Val="$PPRDIR/../Basys-3-Master.xdc"/>
        <Attr Name="ImportTime" Val="1726405353"/>
        <Attr Name="UsedIn" Val="synthesis"/>
        <Attr Name="UsedIn" Val="implementation"/>
      </FileInfo>
    </File>
    <Config>
      <Option Name="ConstrsType" Val="XDC"/>
    </Config>
  </FileSet>
  <Strategy Version="1" Minor="2">
    <StratHandle Name="Vivado Implementation Defaults" Flow="Vivado Implementation 2018"/>
    <Step Id="init_design"/>
    <Step Id="opt_design"/>
    <Step Id="power_opt_design"/>
    <Step Id="place_design"/>
    <Step Id="post_place_power_opt_design"/>
    <Step Id="phys_opt_design"/>
    <Step Id="route_design"/>
    <Step Id="post_route_phys_opt_design"/>
    <Step Id="write_bitstream"/>
  </Strategy>
  <BlockFileSet Type="BlockSrcs" Name="microblaze_system_clk_wiz_1_0"/>
  <BlockFileSet Type="BlockSrcs" Name="microblaze_system_microblaze_0_0"/>
  <BlockFileSet Type="BlockSrcs" Name="microblaze_system_lmb_bram_0"/>
  <BlockFileSet Type="BlockSrcs" Name="microblaze_system_rst_clk_wiz_1_100M_0"/>
  <BlockFileSet Type="BlockSrcs" Name="microblaze_system_mdm_1_0"/>
  <BlockFileSet Type="BlockSrcs" Name="microblaze_system_ilmb_bram_if_cntlr_0"/>
  <BlockFileSet Type="BlockSrcs" Name="microblaze_system_dlmb_bram_if_cntlr_0"/>
  <BlockFileSet Type="BlockSrcs" Name="microblaze_system_ilmb_v10_0"/>
  <BlockFileSet Type="BlockSrcs" Name="microblaze_system_dlmb_v10_0"/>
  <BlockFileSet Type="BlockSrcs" Name="microblaze_system_xbar_0"/>
  <BlockFileSet Type="BlockSrcs" Name="microblaze_system_multi_io_0_0"/>
</GenRun>
