<?xml version="1.0"?>
<Runs Version="1" Minor="0">
	<Run Id="ublaze_iic_microblaze_0_1_synth_1" LaunchDir="D:/RnD/Frameworks/FPGA/basys3/getting_started/iic_mpu6050/iic_mpu6050.runs/ublaze_iic_microblaze_0_1_synth_1" FlowId="Vivado_Synthesis" FromStepId="vivado" ToStepId="vivado"/>
	<Run Id="ublaze_iic_rst_clk_wiz_1_100M_1_synth_1" LaunchDir="D:/RnD/Frameworks/FPGA/basys3/getting_started/iic_mpu6050/iic_mpu6050.runs/ublaze_iic_rst_clk_wiz_1_100M_1_synth_1" FlowId="Vivado_Synthesis" FromStepId="vivado" ToStepId="vivado"/>
	<Run Id="ublaze_iic_clk_wiz_1_1_synth_1" LaunchDir="D:/RnD/Frameworks/FPGA/basys3/getting_started/iic_mpu6050/iic_mpu6050.runs/ublaze_iic_clk_wiz_1_1_synth_1" FlowId="Vivado_Synthesis" FromStepId="vivado" ToStepId="vivado"/>
	<Run Id="ublaze_iic_ilmb_v10_1_synth_1" LaunchDir="D:/RnD/Frameworks/FPGA/basys3/getting_started/iic_mpu6050/iic_mpu6050.runs/ublaze_iic_ilmb_v10_1_synth_1" FlowId="Vivado_Synthesis" FromStepId="vivado" ToStepId="vivado"/>
	<Run Id="ublaze_iic_dlmb_bram_if_cntlr_1_synth_1" LaunchDir="D:/RnD/Frameworks/FPGA/basys3/getting_started/iic_mpu6050/iic_mpu6050.runs/ublaze_iic_dlmb_bram_if_cntlr_1_synth_1" FlowId="Vivado_Synthesis" FromStepId="vivado" ToStepId="vivado"/>
	<Run Id="ublaze_iic_xbar_0_synth_1" LaunchDir="D:/RnD/Frameworks/FPGA/basys3/getting_started/iic_mpu6050/iic_mpu6050.runs/ublaze_iic_xbar_0_synth_1" FlowId="Vivado_Synthesis" FromStepId="vivado" ToStepId="vivado"/>
	<Run Id="ublaze_iic_axi_uartlite_0_0_synth_1" LaunchDir="D:/RnD/Frameworks/FPGA/basys3/getting_started/iic_mpu6050/iic_mpu6050.runs/ublaze_iic_axi_uartlite_0_0_synth_1" FlowId="Vivado_Synthesis" FromStepId="vivado" ToStepId="vivado"/>
	<Run Id="ublaze_iic_ilmb_bram_if_cntlr_1_synth_1" LaunchDir="D:/RnD/Frameworks/FPGA/basys3/getting_started/iic_mpu6050/iic_mpu6050.runs/ublaze_iic_ilmb_bram_if_cntlr_1_synth_1" FlowId="Vivado_Synthesis" FromStepId="vivado" ToStepId="vivado"/>
	<Run Id="ublaze_iic_axi_iic_0_0_synth_1" LaunchDir="D:/RnD/Frameworks/FPGA/basys3/getting_started/iic_mpu6050/iic_mpu6050.runs/ublaze_iic_axi_iic_0_0_synth_1" FlowId="Vivado_Synthesis" FromStepId="vivado" ToStepId="vivado"/>
	<Run Id="ublaze_iic_dlmb_v10_1_synth_1" LaunchDir="D:/RnD/Frameworks/FPGA/basys3/getting_started/iic_mpu6050/iic_mpu6050.runs/ublaze_iic_dlmb_v10_1_synth_1" FlowId="Vivado_Synthesis" FromStepId="vivado" ToStepId="vivado" IsOrderedIPRun="true">
		<Parent Id="ublaze_iic_ilmb_v10_1_synth_1"/>
	</Run>
	<Run Id="ublaze_iic_lmb_bram_1_synth_1" LaunchDir="D:/RnD/Frameworks/FPGA/basys3/getting_started/iic_mpu6050/iic_mpu6050.runs/ublaze_iic_lmb_bram_1_synth_1" FlowId="Vivado_Synthesis" FromStepId="vivado" ToStepId="vivado"/>
	<Run Id="synth_1" LaunchDir="D:/RnD/Frameworks/FPGA/basys3/getting_started/iic_mpu6050/iic_mpu6050.runs/synth_1" FlowId="Vivado_Synthesis" FromStepId="vivado" ToStepId="vivado">
		<Parent Id="ublaze_iic_microblaze_0_1_synth_1"/>
		<Parent Id="ublaze_iic_rst_clk_wiz_1_100M_1_synth_1"/>
		<Parent Id="ublaze_iic_clk_wiz_1_1_synth_1"/>
		<Parent Id="ublaze_iic_ilmb_v10_1_synth_1"/>
		<Parent Id="ublaze_iic_dlmb_bram_if_cntlr_1_synth_1"/>
		<Parent Id="ublaze_iic_xbar_0_synth_1"/>
		<Parent Id="ublaze_iic_axi_uartlite_0_0_synth_1"/>
		<Parent Id="ublaze_iic_ilmb_bram_if_cntlr_1_synth_1"/>
		<Parent Id="ublaze_iic_axi_iic_0_0_synth_1"/>
		<Parent Id="ublaze_iic_dlmb_v10_1_synth_1"/>
		<Parent Id="ublaze_iic_lmb_bram_1_synth_1"/>
	</Run>
	<Run Id="impl_1" LaunchDir="D:/RnD/Frameworks/FPGA/basys3/getting_started/iic_mpu6050/iic_mpu6050.runs/impl_1" FlowId="Vivado_Implementation" FromStepId="init_design" ToStepId="write_bitstream">
		<Parent Id="synth_1"/>
		<Parent Id="ublaze_iic_microblaze_0_1_synth_1"/>
		<Parent Id="ublaze_iic_rst_clk_wiz_1_100M_1_synth_1"/>
		<Parent Id="ublaze_iic_clk_wiz_1_1_synth_1"/>
		<Parent Id="ublaze_iic_ilmb_v10_1_synth_1"/>
		<Parent Id="ublaze_iic_dlmb_bram_if_cntlr_1_synth_1"/>
		<Parent Id="ublaze_iic_xbar_0_synth_1"/>
		<Parent Id="ublaze_iic_axi_uartlite_0_0_synth_1"/>
		<Parent Id="ublaze_iic_ilmb_bram_if_cntlr_1_synth_1"/>
		<Parent Id="ublaze_iic_axi_iic_0_0_synth_1"/>
		<Parent Id="ublaze_iic_dlmb_v10_1_synth_1"/>
		<Parent Id="ublaze_iic_lmb_bram_1_synth_1"/>
	</Run>
</Runs>

