<?xml version="1.0" encoding="UTF-8"?>
<GenRun Id="synth_1" LaunchPart="xc7a35tcpg236-1" LaunchTime="1727110899">
  <File Type="PA-TCL" Name="ublaze_minimal_wrapper.tcl"/>
  <File Type="RDS-PROPCONSTRS" Name="ublaze_minimal_wrapper_drc_synth.rpt"/>
  <File Type="REPORTS-TCL" Name="ublaze_minimal_wrapper_reports.tcl"/>
  <File Type="RDS-RDS" Name="ublaze_minimal_wrapper.vds"/>
  <File Type="RDS-UTIL" Name="ublaze_minimal_wrapper_utilization_synth.rpt"/>
  <File Type="RDS-UTIL-PB" Name="ublaze_minimal_wrapper_utilization_synth.pb"/>
  <File Type="RDS-DCP" Name="ublaze_minimal_wrapper.dcp"/>
  <File Type="VDS-TIMINGSUMMARY" Name="ublaze_minimal_wrapper_timing_summary_synth.rpt"/>
  <File Type="VDS-TIMING-PB" Name="ublaze_minimal_wrapper_timing_summary_synth.pb"/>
  <FileSet Name="sources" Type="DesignSrcs" RelSrcDir="$PSRCDIR/sources_1">
    <Filter Type="Srcs"/>
    <File Path="$PSRCDIR/sources_1/bd/ublaze_minimal/ublaze_minimal.bd">
      <FileInfo>
        <Attr Name="UsedIn" Val="synthesis"/>
        <Attr Name="UsedIn" Val="implementation"/>
        <Attr Name="UsedIn" Val="simulation"/>
      </FileInfo>
    </File>
    <File Path="$PSRCDIR/sources_1/imports/hdl/ublaze_minimal_wrapper.v">
      <FileInfo>
        <Attr Name="ImportPath" Val="$PSRCDIR/sources_1/bd/ublaze_minimal/hdl/ublaze_minimal_wrapper.v"/>
        <Attr Name="ImportTime" Val="1727088233"/>
        <Attr Name="UsedIn" Val="synthesis"/>
        <Attr Name="UsedIn" Val="implementation"/>
        <Attr Name="UsedIn" Val="simulation"/>
      </FileInfo>
    </File>
    <File Path="$PPRDIR/sdk_ws/ublaze_hello_world/Debug/ublaze_hello_world.elf">
      <FileInfo>
        <Attr Name="UsedIn" Val="implementation"/>
        <Attr Name="ScopedToRef" Val="ublaze_minimal"/>
        <Attr Name="ScopedToCell" Val="microblaze_0"/>
        <Attr Name="IsVisible" Val="1"/>
      </FileInfo>
    </File>
    <Config>
      <Option Name="DesignMode" Val="RTL"/>
      <Option Name="TopModule" Val="ublaze_minimal_wrapper"/>
      <Option Name="TopAutoSet" Val="TRUE"/>
    </Config>
  </FileSet>
  <FileSet Name="constrs_in" Type="Constrs" RelSrcDir="$PSRCDIR/constrs_1">
    <Filter Type="Constrs"/>
    <Config>
      <Option Name="ConstrsType" Val="XDC"/>
    </Config>
  </FileSet>
  <Strategy Version="1" Minor="2">
    <StratHandle Name="Vivado Synthesis Defaults" Flow="Vivado Synthesis 2018">
      <Desc>Vivado Synthesis Defaults</Desc>
    </StratHandle>
    <Step Id="synth_design"/>
  </Strategy>
  <BlockFileSet Type="BlockSrcs" Name="ublaze_minimal_microblaze_0_xlconcat_0"/>
  <BlockFileSet Type="BlockSrcs" Name="ublaze_minimal_mdm_1_0"/>
  <BlockFileSet Type="BlockSrcs" Name="ublaze_minimal_ilmb_bram_if_cntlr_0"/>
  <BlockFileSet Type="BlockSrcs" Name="ublaze_minimal_axi_uartlite_0_0"/>
  <BlockFileSet Type="BlockSrcs" Name="ublaze_minimal_rst_clk_wiz_1_100M_0"/>
  <BlockFileSet Type="BlockSrcs" Name="ublaze_minimal_lmb_bram_0"/>
  <BlockFileSet Type="BlockSrcs" Name="ublaze_minimal_dlmb_bram_if_cntlr_0"/>
  <BlockFileSet Type="BlockSrcs" Name="ublaze_minimal_axi_gpio_1_0"/>
  <BlockFileSet Type="BlockSrcs" Name="ublaze_minimal_clk_wiz_1_0"/>
  <BlockFileSet Type="BlockSrcs" Name="ublaze_minimal_dlmb_v10_0"/>
  <BlockFileSet Type="BlockSrcs" Name="ublaze_minimal_xbar_0"/>
  <BlockFileSet Type="BlockSrcs" Name="ublaze_minimal_axi_gpio_2_0"/>
  <BlockFileSet Type="BlockSrcs" Name="ublaze_minimal_microblaze_0_0"/>
  <BlockFileSet Type="BlockSrcs" Name="ublaze_minimal_ilmb_v10_0"/>
  <BlockFileSet Type="BlockSrcs" Name="ublaze_minimal_axi_gpio_0_0"/>
  <BlockFileSet Type="BlockSrcs" Name="ublaze_minimal_microblaze_0_axi_intc_0"/>
</GenRun>
