<?xml version="1.0" encoding="UTF-8"?>
<GenRun Id="impl_1" LaunchPart="xc7a35tcpg236-1" LaunchTime="1727110899">
  <File Type="BITSTR-BMM" Name="ublaze_minimal_wrapper_bd.bmm"/>
  <File Type="OPT-METHODOLOGY-DRC" Name="ublaze_minimal_wrapper_methodology_drc_opted.rpt"/>
  <File Type="INIT-TIMING" Name="ublaze_minimal_wrapper_timing_summary_init.rpt"/>
  <File Type="ROUTE-PWR" Name="ublaze_minimal_wrapper_power_routed.rpt"/>
  <File Type="PA-TCL" Name="ublaze_minimal_wrapper.tcl"/>
  <File Type="OPT-TIMING" Name="ublaze_minimal_wrapper_timing_summary_opted.rpt"/>
  <File Type="OPT-DCP" Name="ublaze_minimal_wrapper_opt.dcp"/>
  <File Type="ROUTE-PWR-SUM" Name="ublaze_minimal_wrapper_power_summary_routed.pb"/>
  <File Type="REPORTS-TCL" Name="ublaze_minimal_wrapper_reports.tcl"/>
  <File Type="OPT-DRC" Name="ublaze_minimal_wrapper_drc_opted.rpt"/>
  <File Type="OPT-HWDEF" Name="ublaze_minimal_wrapper.hwdef"/>
  <File Type="PWROPT-DCP" Name="ublaze_minimal_wrapper_pwropt.dcp"/>
  <File Type="PWROPT-DRC" Name="ublaze_minimal_wrapper_drc_pwropted.rpt"/>
  <File Type="PWROPT-TIMING" Name="ublaze_minimal_wrapper_timing_summary_pwropted.rpt"/>
  <File Type="PLACE-DCP" Name="ublaze_minimal_wrapper_placed.dcp"/>
  <File Type="PLACE-IO" Name="ublaze_minimal_wrapper_io_placed.rpt"/>
  <File Type="PLACE-CLK" Name="ublaze_minimal_wrapper_clock_utilization_placed.rpt"/>
  <File Type="PLACE-UTIL" Name="ublaze_minimal_wrapper_utilization_placed.rpt"/>
  <File Type="PLACE-UTIL-PB" Name="ublaze_minimal_wrapper_utilization_placed.pb"/>
  <File Type="PLACE-CTRL" Name="ublaze_minimal_wrapper_control_sets_placed.rpt"/>
  <File Type="PLACE-SIMILARITY" Name="ublaze_minimal_wrapper_incremental_reuse_placed.rpt"/>
  <File Type="PLACE-PRE-SIMILARITY" Name="ublaze_minimal_wrapper_incremental_reuse_pre_placed.rpt"/>
  <File Type="BG-BGN" Name="ublaze_minimal_wrapper.bgn"/>
  <File Type="PLACE-TIMING" Name="ublaze_minimal_wrapper_timing_summary_placed.rpt"/>
  <File Type="POSTPLACE-PWROPT-DCP" Name="ublaze_minimal_wrapper_postplace_pwropt.dcp"/>
  <File Type="BG-BIN" Name="ublaze_minimal_wrapper.bin"/>
  <File Type="POSTPLACE-PWROPT-TIMING" Name="ublaze_minimal_wrapper_timing_summary_postplace_pwropted.rpt"/>
  <File Type="PHYSOPT-DCP" Name="ublaze_minimal_wrapper_physopt.dcp"/>
  <File Type="PHYSOPT-DRC" Name="ublaze_minimal_wrapper_drc_physopted.rpt"/>
  <File Type="BITSTR-MSK" Name="ublaze_minimal_wrapper.msk"/>
  <File Type="PHYSOPT-TIMING" Name="ublaze_minimal_wrapper_timing_summary_physopted.rpt"/>
  <File Type="ROUTE-ERROR-DCP" Name="ublaze_minimal_wrapper_routed_error.dcp"/>
  <File Type="ROUTE-DCP" Name="ublaze_minimal_wrapper_routed.dcp"/>
  <File Type="ROUTE-BLACKBOX-DCP" Name="ublaze_minimal_wrapper_routed_bb.dcp"/>
  <File Type="ROUTE-DRC" Name="ublaze_minimal_wrapper_drc_routed.rpt"/>
  <File Type="ROUTE-DRC-PB" Name="ublaze_minimal_wrapper_drc_routed.pb"/>
  <File Type="BITSTR-LTX" Name="debug_nets.ltx"/>
  <File Type="BITSTR-LTX" Name="ublaze_minimal_wrapper.ltx"/>
  <File Type="ROUTE-DRC-RPX" Name="ublaze_minimal_wrapper_drc_routed.rpx"/>
  <File Type="BITSTR-MMI" Name="ublaze_minimal_wrapper.mmi"/>
  <File Type="ROUTE-METHODOLOGY-DRC" Name="ublaze_minimal_wrapper_methodology_drc_routed.rpt"/>
  <File Type="ROUTE-METHODOLOGY-DRC-RPX" Name="ublaze_minimal_wrapper_methodology_drc_routed.rpx"/>
  <File Type="BITSTR-SYSDEF" Name="ublaze_minimal_wrapper.sysdef"/>
  <File Type="ROUTE-METHODOLOGY-DRC-PB" Name="ublaze_minimal_wrapper_methodology_drc_routed.pb"/>
  <File Type="ROUTE-PWR-RPX" Name="ublaze_minimal_wrapper_power_routed.rpx"/>
  <File Type="ROUTE-STATUS" Name="ublaze_minimal_wrapper_route_status.rpt"/>
  <File Type="ROUTE-STATUS-PB" Name="ublaze_minimal_wrapper_route_status.pb"/>
  <File Type="ROUTE-TIMINGSUMMARY" Name="ublaze_minimal_wrapper_timing_summary_routed.rpt"/>
  <File Type="ROUTE-TIMING-PB" Name="ublaze_minimal_wrapper_timing_summary_routed.pb"/>
  <File Type="ROUTE-TIMING-RPX" Name="ublaze_minimal_wrapper_timing_summary_routed.rpx"/>
  <File Type="ROUTE-SIMILARITY" Name="ublaze_minimal_wrapper_incremental_reuse_routed.rpt"/>
  <File Type="ROUTE-CLK" Name="ublaze_minimal_wrapper_clock_utilization_routed.rpt"/>
  <File Type="ROUTE-BUS-SKEW" Name="ublaze_minimal_wrapper_bus_skew_routed.rpt"/>
  <File Type="ROUTE-BUS-SKEW-PB" Name="ublaze_minimal_wrapper_bus_skew_routed.pb"/>
  <File Type="ROUTE-BUS-SKEW-RPX" Name="ublaze_minimal_wrapper_bus_skew_routed.rpx"/>
  <File Type="POSTROUTE-PHYSOPT-DCP" Name="ublaze_minimal_wrapper_postroute_physopt.dcp"/>
  <File Type="POSTROUTE-PHYSOPT-BLACKBOX-DCP" Name="ublaze_minimal_wrapper_postroute_physopt_bb.dcp"/>
  <File Type="POSTROUTE-PHYSOPT-TIMING" Name="ublaze_minimal_wrapper_timing_summary_postroute_physopted.rpt"/>
  <File Type="POSTROUTE-PHYSOPT-TIMING-PB" Name="ublaze_minimal_wrapper_timing_summary_postroute_physopted.pb"/>
  <File Type="POSTROUTE-PHYSOPT-TIMING-RPX" Name="ublaze_minimal_wrapper_timing_summary_postroute_physopted.rpx"/>
  <File Type="POSTROUTE-PHYSOPT-BUS-SKEW" Name="ublaze_minimal_wrapper_bus_skew_postroute_physopted.rpt"/>
  <File Type="POSTROUTE-PHYSOPT-BUS-SKEW-PB" Name="ublaze_minimal_wrapper_bus_skew_postroute_physopted.pb"/>
  <File Type="BG-BIT" Name="ublaze_minimal_wrapper.bit"/>
  <File Type="POSTROUTE-PHYSOPT-BUS-SKEW-RPX" Name="ublaze_minimal_wrapper_bus_skew_postroute_physopted.rpx"/>
  <File Type="BITSTR-RBT" Name="ublaze_minimal_wrapper.rbt"/>
  <File Type="BITSTR-NKY" Name="ublaze_minimal_wrapper.nky"/>
  <File Type="BG-DRC" Name="ublaze_minimal_wrapper.drc"/>
  <File Type="RDI-RDI" Name="ublaze_minimal_wrapper.vdi"/>
  <File Type="WBT-USG" Name="usage_statistics_webtalk.html"/>
  <FileSet Name="sources" Type="DesignSrcs" RelSrcDir="$PSRCDIR/sources_1">
    <Filter Type="Srcs"/>
    <File Path="$PSRCDIR/sources_1/bd/ublaze_minimal/ublaze_minimal.bd">
      <FileInfo>
        <Attr Name="UsedIn" Val="synthesis"/>
        <Attr Name="UsedIn" Val="implementation"/>
        <Attr Name="UsedIn" Val="simulation"/>
      </FileInfo>
    </File>
    <File Path="$PSRCDIR/sources_1/imports/hdl/ublaze_minimal_wrapper.v">
      <FileInfo>
        <Attr Name="ImportPath" Val="$PSRCDIR/sources_1/bd/ublaze_minimal/hdl/ublaze_minimal_wrapper.v"/>
        <Attr Name="ImportTime" Val="1727088233"/>
        <Attr Name="UsedIn" Val="synthesis"/>
        <Attr Name="UsedIn" Val="implementation"/>
        <Attr Name="UsedIn" Val="simulation"/>
      </FileInfo>
    </File>
    <File Path="$PPRDIR/sdk_ws/ublaze_hello_world/Debug/ublaze_hello_world.elf">
      <FileInfo>
        <Attr Name="UsedIn" Val="implementation"/>
        <Attr Name="ScopedToRef" Val="ublaze_minimal"/>
        <Attr Name="ScopedToCell" Val="microblaze_0"/>
        <Attr Name="IsVisible" Val="1"/>
      </FileInfo>
    </File>
    <Config>
      <Option Name="DesignMode" Val="RTL"/>
      <Option Name="TopModule" Val="ublaze_minimal_wrapper"/>
      <Option Name="TopAutoSet" Val="TRUE"/>
    </Config>
  </FileSet>
  <FileSet Name="constrs_in" Type="Constrs" RelSrcDir="$PSRCDIR/constrs_1">
    <Filter Type="Constrs"/>
    <Config>
      <Option Name="ConstrsType" Val="XDC"/>
    </Config>
  </FileSet>
  <Strategy Version="1" Minor="2">
    <StratHandle Name="Vivado Implementation Defaults" Flow="Vivado Implementation 2018">
      <Desc>Default settings for Implementation.</Desc>
    </StratHandle>
    <Step Id="init_design"/>
    <Step Id="opt_design"/>
    <Step Id="power_opt_design"/>
    <Step Id="place_design"/>
    <Step Id="post_place_power_opt_design"/>
    <Step Id="phys_opt_design"/>
    <Step Id="route_design"/>
    <Step Id="post_route_phys_opt_design"/>
    <Step Id="write_bitstream">
      <Option Id="BinFile">1</Option>
    </Step>
  </Strategy>
  <BlockFileSet Type="BlockSrcs" Name="ublaze_minimal_microblaze_0_xlconcat_0"/>
  <BlockFileSet Type="BlockSrcs" Name="ublaze_minimal_mdm_1_0"/>
  <BlockFileSet Type="BlockSrcs" Name="ublaze_minimal_ilmb_bram_if_cntlr_0"/>
  <BlockFileSet Type="BlockSrcs" Name="ublaze_minimal_axi_uartlite_0_0"/>
  <BlockFileSet Type="BlockSrcs" Name="ublaze_minimal_rst_clk_wiz_1_100M_0"/>
  <BlockFileSet Type="BlockSrcs" Name="ublaze_minimal_lmb_bram_0"/>
  <BlockFileSet Type="BlockSrcs" Name="ublaze_minimal_dlmb_bram_if_cntlr_0"/>
  <BlockFileSet Type="BlockSrcs" Name="ublaze_minimal_axi_gpio_1_0"/>
  <BlockFileSet Type="BlockSrcs" Name="ublaze_minimal_clk_wiz_1_0"/>
  <BlockFileSet Type="BlockSrcs" Name="ublaze_minimal_dlmb_v10_0"/>
  <BlockFileSet Type="BlockSrcs" Name="ublaze_minimal_xbar_0"/>
  <BlockFileSet Type="BlockSrcs" Name="ublaze_minimal_axi_gpio_2_0"/>
  <BlockFileSet Type="BlockSrcs" Name="ublaze_minimal_microblaze_0_0"/>
  <BlockFileSet Type="BlockSrcs" Name="ublaze_minimal_ilmb_v10_0"/>
  <BlockFileSet Type="BlockSrcs" Name="ublaze_minimal_axi_gpio_0_0"/>
  <BlockFileSet Type="BlockSrcs" Name="ublaze_minimal_microblaze_0_axi_intc_0"/>
</GenRun>
