<?xml version="1.0" encoding="UTF-8"?>
<GenRun Id="synth_1" LaunchPart="xc7a35tcpg236-1" LaunchTime="1731083871">
  <File Type="PA-TCL" Name="ublaze_iic_wrapper.tcl"/>
  <File Type="REPORTS-TCL" Name="ublaze_iic_wrapper_reports.tcl"/>
  <File Type="RDS-RDS" Name="ublaze_iic_wrapper.vds"/>
  <File Type="RDS-UTIL" Name="ublaze_iic_wrapper_utilization_synth.rpt"/>
  <File Type="RDS-UTIL-PB" Name="ublaze_iic_wrapper_utilization_synth.pb"/>
  <File Type="RDS-DCP" Name="ublaze_iic_wrapper.dcp"/>
  <FileSet Name="sources" Type="DesignSrcs" RelSrcDir="$PSRCDIR/sources_1">
    <Filter Type="Srcs"/>
    <File Path="$PSRCDIR/sources_1/bd/ublaze_iic/ublaze_iic.bd">
      <FileInfo>
        <Attr Name="UsedIn" Val="synthesis"/>
        <Attr Name="UsedIn" Val="implementation"/>
        <Attr Name="UsedIn" Val="simulation"/>
      </FileInfo>
    </File>
    <File Path="$PSRCDIR/sources_1/bd/ublaze_iic/hdl/ublaze_iic_wrapper.v">
      <FileInfo>
        <Attr Name="UsedIn" Val="synthesis"/>
        <Attr Name="UsedIn" Val="implementation"/>
        <Attr Name="UsedIn" Val="simulation"/>
      </FileInfo>
    </File>
    <Config>
      <Option Name="DesignMode" Val="RTL"/>
      <Option Name="TopModule" Val="ublaze_iic_wrapper"/>
      <Option Name="TopAutoSet" Val="TRUE"/>
    </Config>
  </FileSet>
  <FileSet Name="constrs_in" Type="Constrs" RelSrcDir="$PSRCDIR/constrs_1">
    <Filter Type="Constrs"/>
    <File Path="$PSRCDIR/constrs_1/imports/iic_mpu6050.srcs/constraints.xdc">
      <FileInfo>
        <Attr Name="ImportPath" Val="$PSRCDIR/constraints.xdc"/>
        <Attr Name="ImportTime" Val="1731003215"/>
        <Attr Name="UsedIn" Val="synthesis"/>
        <Attr Name="UsedIn" Val="implementation"/>
      </FileInfo>
    </File>
    <Config>
      <Option Name="ConstrsType" Val="XDC"/>
    </Config>
  </FileSet>
  <Strategy Version="1" Minor="2">
    <StratHandle Name="Vivado Synthesis Defaults" Flow="Vivado Synthesis 2018"/>
    <Step Id="synth_design"/>
  </Strategy>
  <BlockFileSet Type="BlockSrcs" Name="ublaze_iic_microblaze_0_1"/>
  <BlockFileSet Type="BlockSrcs" Name="ublaze_iic_xbar_0"/>
  <BlockFileSet Type="BlockSrcs" Name="ublaze_iic_rst_clk_wiz_1_100M_1"/>
  <BlockFileSet Type="BlockSrcs" Name="ublaze_iic_axi_iic_0_0"/>
  <BlockFileSet Type="BlockSrcs" Name="ublaze_iic_clk_wiz_1_1"/>
  <BlockFileSet Type="BlockSrcs" Name="ublaze_iic_axi_uartlite_0_0"/>
  <BlockFileSet Type="BlockSrcs" Name="ublaze_iic_ilmb_bram_if_cntlr_1"/>
  <BlockFileSet Type="BlockSrcs" Name="ublaze_iic_ilmb_v10_1"/>
  <BlockFileSet Type="BlockSrcs" Name="ublaze_iic_dlmb_bram_if_cntlr_1"/>
  <BlockFileSet Type="BlockSrcs" Name="ublaze_iic_dlmb_v10_1"/>
  <BlockFileSet Type="BlockSrcs" Name="ublaze_iic_lmb_bram_1"/>
</GenRun>
