<?xml version="1.0"?>
<Runs Version="1" Minor="0">
	<Run Id="microblaze_system_multi_io_0_0_synth_1" LaunchDir="D:/RnD/Frameworks/FPGA/basys3/getting_started/ublaze_custom_ip/ublaze_custom_ip.runs/microblaze_system_multi_io_0_0_synth_1" FlowId="Vivado_Synthesis" FromStepId="vivado" ToStepId="vivado"/>
	<Run Id="microblaze_system_xbar_0_synth_1" LaunchDir="D:/RnD/Frameworks/FPGA/basys3/getting_started/ublaze_custom_ip/ublaze_custom_ip.runs/microblaze_system_xbar_0_synth_1" FlowId="Vivado_Synthesis" FromStepId="vivado" ToStepId="vivado"/>
	<Run Id="synth_1" LaunchDir="D:/RnD/Frameworks/FPGA/basys3/getting_started/ublaze_custom_ip/ublaze_custom_ip.runs/synth_1" FlowId="Vivado_Synthesis" FromStepId="vivado" ToStepId="vivado">
		<Parent Id="microblaze_system_multi_io_0_0_synth_1"/>
		<Parent Id="microblaze_system_xbar_0_synth_1"/>
	</Run>
	<Run Id="impl_1" LaunchDir="D:/RnD/Frameworks/FPGA/basys3/getting_started/ublaze_custom_ip/ublaze_custom_ip.runs/impl_1" FlowId="Vivado_Implementation" FromStepId="init_design" ToStepId="write_bitstream">
		<Parent Id="synth_1"/>
		<Parent Id="microblaze_system_multi_io_0_0_synth_1"/>
		<Parent Id="microblaze_system_xbar_0_synth_1"/>
	</Run>
</Runs>

