<?xml version="1.0" encoding="UTF-8"?>
<GenRun Id="microblaze_system_mdm_1_0_synth_1" LaunchPart="xc7a35tcpg236-1" LaunchTime="1727123747">
  <File Type="PA-TCL" Name="microblaze_system_mdm_1_0.tcl"/>
  <File Type="REPORTS-TCL" Name="microblaze_system_mdm_1_0_reports.tcl"/>
  <File Type="RDS-RDS" Name="microblaze_system_mdm_1_0.vds"/>
  <File Type="RDS-UTIL" Name="microblaze_system_mdm_1_0_utilization_synth.rpt"/>
  <File Type="RDS-UTIL-PB" Name="microblaze_system_mdm_1_0_utilization_synth.pb"/>
  <File Type="RDS-DCP" Name="microblaze_system_mdm_1_0.dcp"/>
  <FileSet Name="sources" Type="BlockSrcs" RelSrcDir="$PSRCDIR/microblaze_system_mdm_1_0">
    <File Path="$PSRCDIR/sources_1/bd/microblaze_system/ip/microblaze_system_mdm_1_0/microblaze_system_mdm_1_0.xci">
      <FileInfo>
        <Attr Name="UsedIn" Val="synthesis"/>
        <Attr Name="UsedIn" Val="implementation"/>
        <Attr Name="UsedIn" Val="simulation"/>
      </FileInfo>
    </File>
    <Config>
      <Option Name="TopModule" Val="microblaze_system_mdm_1_0"/>
      <Option Name="UseBlackboxStub" Val="1"/>
    </Config>
  </FileSet>
  <FileSet Name="constrs_in" Type="BlockSrcs" RelSrcDir="$PSRCDIR/microblaze_system_mdm_1_0">
    <File Path="$PSRCDIR/sources_1/bd/microblaze_system/ip/microblaze_system_mdm_1_0/microblaze_system_mdm_1_0.xci">
      <FileInfo>
        <Attr Name="UsedIn" Val="synthesis"/>
        <Attr Name="UsedIn" Val="implementation"/>
        <Attr Name="UsedIn" Val="simulation"/>
      </FileInfo>
    </File>
    <Config>
      <Option Name="TopModule" Val="microblaze_system_mdm_1_0"/>
      <Option Name="UseBlackboxStub" Val="1"/>
    </Config>
  </FileSet>
  <Strategy Version="1" Minor="2">
    <StratHandle Name="Vivado Synthesis Defaults" Flow="Vivado Synthesis 2018"/>
    <Step Id="synth_design"/>
  </Strategy>
</GenRun>
