<?xml version="1.0" encoding="UTF-8"?>
<GenRun Id="impl_1" LaunchPart="xc7a35tcpg236-1" LaunchTime="1727086456">
  <File Type="BITSTR-BMM" Name="led_counter_16bit_bd.bmm"/>
  <File Type="OPT-METHODOLOGY-DRC" Name="led_counter_16bit_methodology_drc_opted.rpt"/>
  <File Type="INIT-TIMING" Name="led_counter_16bit_timing_summary_init.rpt"/>
  <File Type="ROUTE-PWR" Name="led_counter_16bit_power_routed.rpt"/>
  <File Type="PA-TCL" Name="led_counter_16bit.tcl"/>
  <File Type="OPT-TIMING" Name="led_counter_16bit_timing_summary_opted.rpt"/>
  <File Type="OPT-DCP" Name="led_counter_16bit_opt.dcp"/>
  <File Type="ROUTE-PWR-SUM" Name="led_counter_16bit_power_summary_routed.pb"/>
  <File Type="REPORTS-TCL" Name="led_counter_16bit_reports.tcl"/>
  <File Type="OPT-DRC" Name="led_counter_16bit_drc_opted.rpt"/>
  <File Type="OPT-HWDEF" Name="led_counter_16bit.hwdef"/>
  <File Type="PWROPT-DCP" Name="led_counter_16bit_pwropt.dcp"/>
  <File Type="PWROPT-DRC" Name="led_counter_16bit_drc_pwropted.rpt"/>
  <File Type="PWROPT-TIMING" Name="led_counter_16bit_timing_summary_pwropted.rpt"/>
  <File Type="PLACE-DCP" Name="led_counter_16bit_placed.dcp"/>
  <File Type="PLACE-IO" Name="led_counter_16bit_io_placed.rpt"/>
  <File Type="PLACE-CLK" Name="led_counter_16bit_clock_utilization_placed.rpt"/>
  <File Type="PLACE-UTIL" Name="led_counter_16bit_utilization_placed.rpt"/>
  <File Type="PLACE-UTIL-PB" Name="led_counter_16bit_utilization_placed.pb"/>
  <File Type="PLACE-CTRL" Name="led_counter_16bit_control_sets_placed.rpt"/>
  <File Type="PLACE-SIMILARITY" Name="led_counter_16bit_incremental_reuse_placed.rpt"/>
  <File Type="PLACE-PRE-SIMILARITY" Name="led_counter_16bit_incremental_reuse_pre_placed.rpt"/>
  <File Type="BG-BGN" Name="led_counter_16bit.bgn"/>
  <File Type="PLACE-TIMING" Name="led_counter_16bit_timing_summary_placed.rpt"/>
  <File Type="POSTPLACE-PWROPT-DCP" Name="led_counter_16bit_postplace_pwropt.dcp"/>
  <File Type="BG-BIN" Name="led_counter_16bit.bin"/>
  <File Type="POSTPLACE-PWROPT-TIMING" Name="led_counter_16bit_timing_summary_postplace_pwropted.rpt"/>
  <File Type="PHYSOPT-DCP" Name="led_counter_16bit_physopt.dcp"/>
  <File Type="PHYSOPT-DRC" Name="led_counter_16bit_drc_physopted.rpt"/>
  <File Type="BITSTR-MSK" Name="led_counter_16bit.msk"/>
  <File Type="PHYSOPT-TIMING" Name="led_counter_16bit_timing_summary_physopted.rpt"/>
  <File Type="ROUTE-ERROR-DCP" Name="led_counter_16bit_routed_error.dcp"/>
  <File Type="ROUTE-DCP" Name="led_counter_16bit_routed.dcp"/>
  <File Type="ROUTE-BLACKBOX-DCP" Name="led_counter_16bit_routed_bb.dcp"/>
  <File Type="ROUTE-DRC" Name="led_counter_16bit_drc_routed.rpt"/>
  <File Type="ROUTE-DRC-PB" Name="led_counter_16bit_drc_routed.pb"/>
  <File Type="BITSTR-LTX" Name="debug_nets.ltx"/>
  <File Type="BITSTR-LTX" Name="led_counter_16bit.ltx"/>
  <File Type="ROUTE-DRC-RPX" Name="led_counter_16bit_drc_routed.rpx"/>
  <File Type="BITSTR-MMI" Name="led_counter_16bit.mmi"/>
  <File Type="ROUTE-METHODOLOGY-DRC" Name="led_counter_16bit_methodology_drc_routed.rpt"/>
  <File Type="ROUTE-METHODOLOGY-DRC-RPX" Name="led_counter_16bit_methodology_drc_routed.rpx"/>
  <File Type="BITSTR-SYSDEF" Name="led_counter_16bit.sysdef"/>
  <File Type="ROUTE-METHODOLOGY-DRC-PB" Name="led_counter_16bit_methodology_drc_routed.pb"/>
  <File Type="ROUTE-PWR-RPX" Name="led_counter_16bit_power_routed.rpx"/>
  <File Type="ROUTE-STATUS" Name="led_counter_16bit_route_status.rpt"/>
  <File Type="ROUTE-STATUS-PB" Name="led_counter_16bit_route_status.pb"/>
  <File Type="ROUTE-TIMINGSUMMARY" Name="led_counter_16bit_timing_summary_routed.rpt"/>
  <File Type="ROUTE-TIMING-PB" Name="led_counter_16bit_timing_summary_routed.pb"/>
  <File Type="ROUTE-TIMING-RPX" Name="led_counter_16bit_timing_summary_routed.rpx"/>
  <File Type="ROUTE-SIMILARITY" Name="led_counter_16bit_incremental_reuse_routed.rpt"/>
  <File Type="ROUTE-CLK" Name="led_counter_16bit_clock_utilization_routed.rpt"/>
  <File Type="ROUTE-BUS-SKEW" Name="led_counter_16bit_bus_skew_routed.rpt"/>
  <File Type="ROUTE-BUS-SKEW-PB" Name="led_counter_16bit_bus_skew_routed.pb"/>
  <File Type="ROUTE-BUS-SKEW-RPX" Name="led_counter_16bit_bus_skew_routed.rpx"/>
  <File Type="POSTROUTE-PHYSOPT-DCP" Name="led_counter_16bit_postroute_physopt.dcp"/>
  <File Type="POSTROUTE-PHYSOPT-BLACKBOX-DCP" Name="led_counter_16bit_postroute_physopt_bb.dcp"/>
  <File Type="POSTROUTE-PHYSOPT-TIMING" Name="led_counter_16bit_timing_summary_postroute_physopted.rpt"/>
  <File Type="POSTROUTE-PHYSOPT-TIMING-PB" Name="led_counter_16bit_timing_summary_postroute_physopted.pb"/>
  <File Type="POSTROUTE-PHYSOPT-TIMING-RPX" Name="led_counter_16bit_timing_summary_postroute_physopted.rpx"/>
  <File Type="POSTROUTE-PHYSOPT-BUS-SKEW" Name="led_counter_16bit_bus_skew_postroute_physopted.rpt"/>
  <File Type="POSTROUTE-PHYSOPT-BUS-SKEW-PB" Name="led_counter_16bit_bus_skew_postroute_physopted.pb"/>
  <File Type="BG-BIT" Name="led_counter_16bit.bit"/>
  <File Type="POSTROUTE-PHYSOPT-BUS-SKEW-RPX" Name="led_counter_16bit_bus_skew_postroute_physopted.rpx"/>
  <File Type="BITSTR-RBT" Name="led_counter_16bit.rbt"/>
  <File Type="BITSTR-NKY" Name="led_counter_16bit.nky"/>
  <File Type="BG-DRC" Name="led_counter_16bit.drc"/>
  <File Type="RDI-RDI" Name="led_counter_16bit.vdi"/>
  <File Type="WBT-USG" Name="usage_statistics_webtalk.html"/>
  <FileSet Name="sources" Type="DesignSrcs" RelSrcDir="$PSRCDIR/sources_1">
    <Filter Type="Srcs"/>
    <File Path="$PSRCDIR/sources_1/new/led_counter_16bit.v">
      <FileInfo>
        <Attr Name="UsedIn" Val="synthesis"/>
        <Attr Name="UsedIn" Val="implementation"/>
        <Attr Name="UsedIn" Val="simulation"/>
      </FileInfo>
    </File>
    <Config>
      <Option Name="DesignMode" Val="RTL"/>
      <Option Name="TopModule" Val="led_counter_16bit"/>
      <Option Name="TopAutoSet" Val="TRUE"/>
    </Config>
  </FileSet>
  <FileSet Name="constrs_in" Type="Constrs" RelSrcDir="$PSRCDIR/constrs_1">
    <Filter Type="Constrs"/>
    <File Path="$PSRCDIR/constrs_1/imports/getting_started/Basys-3-Master.xdc">
      <FileInfo>
        <Attr Name="ImportPath" Val="$PPRDIR/../Basys-3-Master.xdc"/>
        <Attr Name="ImportTime" Val="1726405353"/>
        <Attr Name="UsedIn" Val="synthesis"/>
        <Attr Name="UsedIn" Val="implementation"/>
      </FileInfo>
    </File>
    <Config>
      <Option Name="ConstrsType" Val="XDC"/>
    </Config>
  </FileSet>
  <Strategy Version="1" Minor="2">
    <StratHandle Name="Vivado Implementation Defaults" Flow="Vivado Implementation 2018"/>
    <Step Id="init_design"/>
    <Step Id="opt_design"/>
    <Step Id="power_opt_design"/>
    <Step Id="place_design"/>
    <Step Id="post_place_power_opt_design"/>
    <Step Id="phys_opt_design"/>
    <Step Id="route_design"/>
    <Step Id="post_route_phys_opt_design"/>
    <Step Id="write_bitstream"/>
  </Strategy>
</GenRun>
