<?xml version="1.0" encoding="UTF-8"?>
<GenRun Id="synth_1" LaunchPart="xc7a35tcpg236-1" LaunchTime="1727086456">
  <File Type="PA-TCL" Name="led_counter_16bit.tcl"/>
  <File Type="RDS-PROPCONSTRS" Name="led_counter_16bit_drc_synth.rpt"/>
  <File Type="REPORTS-TCL" Name="led_counter_16bit_reports.tcl"/>
  <File Type="RDS-RDS" Name="led_counter_16bit.vds"/>
  <File Type="RDS-UTIL" Name="led_counter_16bit_utilization_synth.rpt"/>
  <File Type="RDS-UTIL-PB" Name="led_counter_16bit_utilization_synth.pb"/>
  <File Type="RDS-DCP" Name="led_counter_16bit.dcp"/>
  <File Type="VDS-TIMINGSUMMARY" Name="led_counter_16bit_timing_summary_synth.rpt"/>
  <File Type="VDS-TIMING-PB" Name="led_counter_16bit_timing_summary_synth.pb"/>
  <FileSet Name="sources" Type="DesignSrcs" RelSrcDir="$PSRCDIR/sources_1">
    <Filter Type="Srcs"/>
    <File Path="$PSRCDIR/sources_1/new/led_counter_16bit.v">
      <FileInfo>
        <Attr Name="UsedIn" Val="synthesis"/>
        <Attr Name="UsedIn" Val="implementation"/>
        <Attr Name="UsedIn" Val="simulation"/>
      </FileInfo>
    </File>
    <Config>
      <Option Name="DesignMode" Val="RTL"/>
      <Option Name="TopModule" Val="led_counter_16bit"/>
      <Option Name="TopAutoSet" Val="TRUE"/>
    </Config>
  </FileSet>
  <FileSet Name="constrs_in" Type="Constrs" RelSrcDir="$PSRCDIR/constrs_1">
    <Filter Type="Constrs"/>
    <File Path="$PSRCDIR/constrs_1/imports/getting_started/Basys-3-Master.xdc">
      <FileInfo>
        <Attr Name="ImportPath" Val="$PPRDIR/../Basys-3-Master.xdc"/>
        <Attr Name="ImportTime" Val="1726405353"/>
        <Attr Name="UsedIn" Val="synthesis"/>
        <Attr Name="UsedIn" Val="implementation"/>
      </FileInfo>
    </File>
    <Config>
      <Option Name="ConstrsType" Val="XDC"/>
    </Config>
  </FileSet>
  <Strategy Version="1" Minor="2">
    <StratHandle Name="Vivado Synthesis Defaults" Flow="Vivado Synthesis 2018"/>
    <Step Id="synth_design"/>
  </Strategy>
</GenRun>
