<?xml version="1.0"?>
<Runs Version="1" Minor="0">
	<Run Id="ublaze_minimal_mdm_1_0_synth_1" LaunchDir="D:/RnD/Frameworks/FPGA/basys3/getting_started/ublaze_hello_world/ublaze_hello_world.runs/ublaze_minimal_mdm_1_0_synth_1" FlowId="Vivado_Synthesis" FromStepId="vivado" ToStepId="vivado"/>
	<Run Id="ublaze_minimal_ilmb_bram_if_cntlr_0_synth_1" LaunchDir="D:/RnD/Frameworks/FPGA/basys3/getting_started/ublaze_hello_world/ublaze_hello_world.runs/ublaze_minimal_ilmb_bram_if_cntlr_0_synth_1" FlowId="Vivado_Synthesis" FromStepId="vivado" ToStepId="vivado"/>
	<Run Id="ublaze_minimal_lmb_bram_0_synth_1" LaunchDir="D:/RnD/Frameworks/FPGA/basys3/getting_started/ublaze_hello_world/ublaze_hello_world.runs/ublaze_minimal_lmb_bram_0_synth_1" FlowId="Vivado_Synthesis" FromStepId="vivado" ToStepId="vivado"/>
	<Run Id="ublaze_minimal_dlmb_bram_if_cntlr_0_synth_1" LaunchDir="D:/RnD/Frameworks/FPGA/basys3/getting_started/ublaze_hello_world/ublaze_hello_world.runs/ublaze_minimal_dlmb_bram_if_cntlr_0_synth_1" FlowId="Vivado_Synthesis" FromStepId="vivado" ToStepId="vivado"/>
	<Run Id="ublaze_minimal_axi_gpio_1_0_synth_1" LaunchDir="D:/RnD/Frameworks/FPGA/basys3/getting_started/ublaze_hello_world/ublaze_hello_world.runs/ublaze_minimal_axi_gpio_1_0_synth_1" FlowId="Vivado_Synthesis" FromStepId="vivado" ToStepId="vivado"/>
	<Run Id="ublaze_minimal_rst_clk_wiz_1_100M_0_synth_1" LaunchDir="D:/RnD/Frameworks/FPGA/basys3/getting_started/ublaze_hello_world/ublaze_hello_world.runs/ublaze_minimal_rst_clk_wiz_1_100M_0_synth_1" FlowId="Vivado_Synthesis" FromStepId="vivado" ToStepId="vivado"/>
	<Run Id="ublaze_minimal_clk_wiz_1_0_synth_1" LaunchDir="D:/RnD/Frameworks/FPGA/basys3/getting_started/ublaze_hello_world/ublaze_hello_world.runs/ublaze_minimal_clk_wiz_1_0_synth_1" FlowId="Vivado_Synthesis" FromStepId="vivado" ToStepId="vivado"/>
	<Run Id="ublaze_minimal_axi_uartlite_0_0_synth_1" LaunchDir="D:/RnD/Frameworks/FPGA/basys3/getting_started/ublaze_hello_world/ublaze_hello_world.runs/ublaze_minimal_axi_uartlite_0_0_synth_1" FlowId="Vivado_Synthesis" FromStepId="vivado" ToStepId="vivado"/>
	<Run Id="ublaze_minimal_microblaze_0_xlconcat_0_synth_1" LaunchDir="D:/RnD/Frameworks/FPGA/basys3/getting_started/ublaze_hello_world/ublaze_hello_world.runs/ublaze_minimal_microblaze_0_xlconcat_0_synth_1" FlowId="Vivado_Synthesis" FromStepId="vivado" ToStepId="vivado"/>
	<Run Id="ublaze_minimal_dlmb_v10_0_synth_1" LaunchDir="D:/RnD/Frameworks/FPGA/basys3/getting_started/ublaze_hello_world/ublaze_hello_world.runs/ublaze_minimal_dlmb_v10_0_synth_1" FlowId="Vivado_Synthesis" FromStepId="vivado" ToStepId="vivado"/>
	<Run Id="ublaze_minimal_xbar_0_synth_1" LaunchDir="D:/RnD/Frameworks/FPGA/basys3/getting_started/ublaze_hello_world/ublaze_hello_world.runs/ublaze_minimal_xbar_0_synth_1" FlowId="Vivado_Synthesis" FromStepId="vivado" ToStepId="vivado"/>
	<Run Id="ublaze_minimal_microblaze_0_0_synth_1" LaunchDir="D:/RnD/Frameworks/FPGA/basys3/getting_started/ublaze_hello_world/ublaze_hello_world.runs/ublaze_minimal_microblaze_0_0_synth_1" FlowId="Vivado_Synthesis" FromStepId="vivado" ToStepId="vivado"/>
	<Run Id="ublaze_minimal_ilmb_v10_0_synth_1" LaunchDir="D:/RnD/Frameworks/FPGA/basys3/getting_started/ublaze_hello_world/ublaze_hello_world.runs/ublaze_minimal_ilmb_v10_0_synth_1" FlowId="Vivado_Synthesis" FromStepId="vivado" ToStepId="vivado" IsOrderedIPRun="true">
		<Parent Id="ublaze_minimal_dlmb_v10_0_synth_1"/>
	</Run>
	<Run Id="ublaze_minimal_axi_gpio_2_0_synth_1" LaunchDir="D:/RnD/Frameworks/FPGA/basys3/getting_started/ublaze_hello_world/ublaze_hello_world.runs/ublaze_minimal_axi_gpio_2_0_synth_1" FlowId="Vivado_Synthesis" FromStepId="vivado" ToStepId="vivado"/>
	<Run Id="ublaze_minimal_axi_gpio_0_0_synth_1" LaunchDir="D:/RnD/Frameworks/FPGA/basys3/getting_started/ublaze_hello_world/ublaze_hello_world.runs/ublaze_minimal_axi_gpio_0_0_synth_1" FlowId="Vivado_Synthesis" FromStepId="vivado" ToStepId="vivado"/>
	<Run Id="ublaze_minimal_microblaze_0_axi_intc_0_synth_1" LaunchDir="D:/RnD/Frameworks/FPGA/basys3/getting_started/ublaze_hello_world/ublaze_hello_world.runs/ublaze_minimal_microblaze_0_axi_intc_0_synth_1" FlowId="Vivado_Synthesis" FromStepId="vivado" ToStepId="vivado"/>
	<Run Id="synth_1" LaunchDir="D:/RnD/Frameworks/FPGA/basys3/getting_started/ublaze_hello_world/ublaze_hello_world.runs/synth_1" FlowId="Vivado_Synthesis" FromStepId="vivado" ToStepId="vivado">
		<Parent Id="ublaze_minimal_mdm_1_0_synth_1"/>
		<Parent Id="ublaze_minimal_ilmb_bram_if_cntlr_0_synth_1"/>
		<Parent Id="ublaze_minimal_lmb_bram_0_synth_1"/>
		<Parent Id="ublaze_minimal_dlmb_bram_if_cntlr_0_synth_1"/>
		<Parent Id="ublaze_minimal_axi_gpio_1_0_synth_1"/>
		<Parent Id="ublaze_minimal_rst_clk_wiz_1_100M_0_synth_1"/>
		<Parent Id="ublaze_minimal_clk_wiz_1_0_synth_1"/>
		<Parent Id="ublaze_minimal_axi_uartlite_0_0_synth_1"/>
		<Parent Id="ublaze_minimal_microblaze_0_xlconcat_0_synth_1"/>
		<Parent Id="ublaze_minimal_dlmb_v10_0_synth_1"/>
		<Parent Id="ublaze_minimal_xbar_0_synth_1"/>
		<Parent Id="ublaze_minimal_microblaze_0_0_synth_1"/>
		<Parent Id="ublaze_minimal_ilmb_v10_0_synth_1"/>
		<Parent Id="ublaze_minimal_axi_gpio_2_0_synth_1"/>
		<Parent Id="ublaze_minimal_axi_gpio_0_0_synth_1"/>
		<Parent Id="ublaze_minimal_microblaze_0_axi_intc_0_synth_1"/>
	</Run>
	<Run Id="impl_1" LaunchDir="D:/RnD/Frameworks/FPGA/basys3/getting_started/ublaze_hello_world/ublaze_hello_world.runs/impl_1" FlowId="Vivado_Implementation" FromStepId="init_design" ToStepId="write_bitstream">
		<Parent Id="synth_1"/>
		<Parent Id="ublaze_minimal_mdm_1_0_synth_1"/>
		<Parent Id="ublaze_minimal_ilmb_bram_if_cntlr_0_synth_1"/>
		<Parent Id="ublaze_minimal_lmb_bram_0_synth_1"/>
		<Parent Id="ublaze_minimal_dlmb_bram_if_cntlr_0_synth_1"/>
		<Parent Id="ublaze_minimal_axi_gpio_1_0_synth_1"/>
		<Parent Id="ublaze_minimal_rst_clk_wiz_1_100M_0_synth_1"/>
		<Parent Id="ublaze_minimal_clk_wiz_1_0_synth_1"/>
		<Parent Id="ublaze_minimal_axi_uartlite_0_0_synth_1"/>
		<Parent Id="ublaze_minimal_microblaze_0_xlconcat_0_synth_1"/>
		<Parent Id="ublaze_minimal_dlmb_v10_0_synth_1"/>
		<Parent Id="ublaze_minimal_xbar_0_synth_1"/>
		<Parent Id="ublaze_minimal_microblaze_0_0_synth_1"/>
		<Parent Id="ublaze_minimal_ilmb_v10_0_synth_1"/>
		<Parent Id="ublaze_minimal_axi_gpio_2_0_synth_1"/>
		<Parent Id="ublaze_minimal_axi_gpio_0_0_synth_1"/>
		<Parent Id="ublaze_minimal_microblaze_0_axi_intc_0_synth_1"/>
	</Run>
</Runs>

