<?xml version="1.0" encoding="UTF-8"?>
<GenRun Id="impl_1" LaunchPart="xc7a35tcpg236-1" LaunchTime="1731083873">
  <File Type="ROUTE-PWR" Name="ublaze_iic_wrapper_power_routed.rpt"/>
  <File Type="PA-TCL" Name="ublaze_iic_wrapper.tcl"/>
  <File Type="BITSTR-BMM" Name="ublaze_iic_wrapper_bd.bmm"/>
  <File Type="ROUTE-PWR-SUM" Name="ublaze_iic_wrapper_power_summary_routed.pb"/>
  <File Type="REPORTS-TCL" Name="ublaze_iic_wrapper_reports.tcl"/>
  <File Type="OPT-DCP" Name="ublaze_iic_wrapper_opt.dcp"/>
  <File Type="OPT-DRC" Name="ublaze_iic_wrapper_drc_opted.rpt"/>
  <File Type="OPT-HWDEF" Name="ublaze_iic_wrapper.hwdef"/>
  <File Type="PWROPT-DCP" Name="ublaze_iic_wrapper_pwropt.dcp"/>
  <File Type="PLACE-DCP" Name="ublaze_iic_wrapper_placed.dcp"/>
  <File Type="PLACE-IO" Name="ublaze_iic_wrapper_io_placed.rpt"/>
  <File Type="PLACE-UTIL" Name="ublaze_iic_wrapper_utilization_placed.rpt"/>
  <File Type="PLACE-UTIL-PB" Name="ublaze_iic_wrapper_utilization_placed.pb"/>
  <File Type="PLACE-CTRL" Name="ublaze_iic_wrapper_control_sets_placed.rpt"/>
  <File Type="PLACE-PRE-SIMILARITY" Name="ublaze_iic_wrapper_incremental_reuse_pre_placed.rpt"/>
  <File Type="BG-BGN" Name="ublaze_iic_wrapper.bgn"/>
  <File Type="POSTPLACE-PWROPT-DCP" Name="ublaze_iic_wrapper_postplace_pwropt.dcp"/>
  <File Type="BG-BIN" Name="ublaze_iic_wrapper.bin"/>
  <File Type="PHYSOPT-DCP" Name="ublaze_iic_wrapper_physopt.dcp"/>
  <File Type="BITSTR-MSK" Name="ublaze_iic_wrapper.msk"/>
  <File Type="ROUTE-ERROR-DCP" Name="ublaze_iic_wrapper_routed_error.dcp"/>
  <File Type="ROUTE-DCP" Name="ublaze_iic_wrapper_routed.dcp"/>
  <File Type="ROUTE-BLACKBOX-DCP" Name="ublaze_iic_wrapper_routed_bb.dcp"/>
  <File Type="ROUTE-DRC" Name="ublaze_iic_wrapper_drc_routed.rpt"/>
  <File Type="ROUTE-DRC-PB" Name="ublaze_iic_wrapper_drc_routed.pb"/>
  <File Type="ROUTE-DRC-RPX" Name="ublaze_iic_wrapper_drc_routed.rpx"/>
  <File Type="BITSTR-LTX" Name="ublaze_iic_wrapper.ltx"/>
  <File Type="ROUTE-METHODOLOGY-DRC" Name="ublaze_iic_wrapper_methodology_drc_routed.rpt"/>
  <File Type="BITSTR-MMI" Name="ublaze_iic_wrapper.mmi"/>
  <File Type="ROUTE-METHODOLOGY-DRC-RPX" Name="ublaze_iic_wrapper_methodology_drc_routed.rpx"/>
  <File Type="ROUTE-METHODOLOGY-DRC-PB" Name="ublaze_iic_wrapper_methodology_drc_routed.pb"/>
  <File Type="BITSTR-SYSDEF" Name="ublaze_iic_wrapper.sysdef"/>
  <File Type="ROUTE-PWR-RPX" Name="ublaze_iic_wrapper_power_routed.rpx"/>
  <File Type="ROUTE-STATUS" Name="ublaze_iic_wrapper_route_status.rpt"/>
  <File Type="ROUTE-STATUS-PB" Name="ublaze_iic_wrapper_route_status.pb"/>
  <File Type="ROUTE-TIMINGSUMMARY" Name="ublaze_iic_wrapper_timing_summary_routed.rpt"/>
  <File Type="ROUTE-TIMING-PB" Name="ublaze_iic_wrapper_timing_summary_routed.pb"/>
  <File Type="ROUTE-TIMING-RPX" Name="ublaze_iic_wrapper_timing_summary_routed.rpx"/>
  <File Type="ROUTE-CLK" Name="ublaze_iic_wrapper_clock_utilization_routed.rpt"/>
  <File Type="ROUTE-BUS-SKEW" Name="ublaze_iic_wrapper_bus_skew_routed.rpt"/>
  <File Type="ROUTE-BUS-SKEW-PB" Name="ublaze_iic_wrapper_bus_skew_routed.pb"/>
  <File Type="ROUTE-BUS-SKEW-RPX" Name="ublaze_iic_wrapper_bus_skew_routed.rpx"/>
  <File Type="POSTROUTE-PHYSOPT-DCP" Name="ublaze_iic_wrapper_postroute_physopt.dcp"/>
  <File Type="POSTROUTE-PHYSOPT-BLACKBOX-DCP" Name="ublaze_iic_wrapper_postroute_physopt_bb.dcp"/>
  <File Type="BG-BIT" Name="ublaze_iic_wrapper.bit"/>
  <File Type="BITSTR-RBT" Name="ublaze_iic_wrapper.rbt"/>
  <File Type="BITSTR-NKY" Name="ublaze_iic_wrapper.nky"/>
  <File Type="BG-DRC" Name="ublaze_iic_wrapper.drc"/>
  <File Type="RDI-RDI" Name="ublaze_iic_wrapper.vdi"/>
  <File Type="WBT-USG" Name="usage_statistics_webtalk.html"/>
  <FileSet Name="sources" Type="DesignSrcs" RelSrcDir="$PSRCDIR/sources_1">
    <Filter Type="Srcs"/>
    <File Path="$PSRCDIR/sources_1/bd/ublaze_iic/ublaze_iic.bd">
      <FileInfo>
        <Attr Name="UsedIn" Val="synthesis"/>
        <Attr Name="UsedIn" Val="implementation"/>
        <Attr Name="UsedIn" Val="simulation"/>
      </FileInfo>
    </File>
    <File Path="$PSRCDIR/sources_1/bd/ublaze_iic/hdl/ublaze_iic_wrapper.v">
      <FileInfo>
        <Attr Name="UsedIn" Val="synthesis"/>
        <Attr Name="UsedIn" Val="implementation"/>
        <Attr Name="UsedIn" Val="simulation"/>
      </FileInfo>
    </File>
    <Config>
      <Option Name="DesignMode" Val="RTL"/>
      <Option Name="TopModule" Val="ublaze_iic_wrapper"/>
      <Option Name="TopAutoSet" Val="TRUE"/>
    </Config>
  </FileSet>
  <FileSet Name="constrs_in" Type="Constrs" RelSrcDir="$PSRCDIR/constrs_1">
    <Filter Type="Constrs"/>
    <File Path="$PSRCDIR/constrs_1/imports/iic_mpu6050.srcs/constraints.xdc">
      <FileInfo>
        <Attr Name="ImportPath" Val="$PSRCDIR/constraints.xdc"/>
        <Attr Name="ImportTime" Val="1731003215"/>
        <Attr Name="UsedIn" Val="synthesis"/>
        <Attr Name="UsedIn" Val="implementation"/>
      </FileInfo>
    </File>
    <Config>
      <Option Name="ConstrsType" Val="XDC"/>
    </Config>
  </FileSet>
  <Strategy Version="1" Minor="2">
    <StratHandle Name="Vivado Implementation Defaults" Flow="Vivado Implementation 2018"/>
    <Step Id="init_design"/>
    <Step Id="opt_design"/>
    <Step Id="power_opt_design"/>
    <Step Id="place_design"/>
    <Step Id="post_place_power_opt_design"/>
    <Step Id="phys_opt_design"/>
    <Step Id="route_design"/>
    <Step Id="post_route_phys_opt_design"/>
    <Step Id="write_bitstream"/>
  </Strategy>
  <BlockFileSet Type="BlockSrcs" Name="ublaze_iic_microblaze_0_1"/>
  <BlockFileSet Type="BlockSrcs" Name="ublaze_iic_xbar_0"/>
  <BlockFileSet Type="BlockSrcs" Name="ublaze_iic_rst_clk_wiz_1_100M_1"/>
  <BlockFileSet Type="BlockSrcs" Name="ublaze_iic_axi_iic_0_0"/>
  <BlockFileSet Type="BlockSrcs" Name="ublaze_iic_clk_wiz_1_1"/>
  <BlockFileSet Type="BlockSrcs" Name="ublaze_iic_axi_uartlite_0_0"/>
  <BlockFileSet Type="BlockSrcs" Name="ublaze_iic_ilmb_bram_if_cntlr_1"/>
  <BlockFileSet Type="BlockSrcs" Name="ublaze_iic_ilmb_v10_1"/>
  <BlockFileSet Type="BlockSrcs" Name="ublaze_iic_dlmb_bram_if_cntlr_1"/>
  <BlockFileSet Type="BlockSrcs" Name="ublaze_iic_dlmb_v10_1"/>
  <BlockFileSet Type="BlockSrcs" Name="ublaze_iic_lmb_bram_1"/>
</GenRun>
